record_type,N,z,first_x,first_y,offset,ratio
first_x,6,2,3,3,1,1.5
offset,6,2,3,3,1,1.5
ratio,6,2,3,3,1,1.5
first_x,10,3,5,5,2,1.66666666667
offset,10,3,5,5,2,1.66666666667
ratio,10,3,5,5,2,1.66666666667
first_x,14,3,7,7,4,2.33333333333
offset,14,3,7,7,4,2.33333333333
ratio,14,3,7,7,4,2.33333333333
first_x,28,5,11,17,6,2.2
offset,28,5,11,17,6,2.2
first_x,32,5,13,19,8,2.6
offset,32,5,13,19,8,2.6
ratio,32,5,13,19,8,2.6
first_x,46,6,17,29,11,2.83333333333
offset,46,6,17,29,11,2.83333333333
ratio,46,6,17,29,11,2.83333333333
first_x,62,7,19,43,12,2.71428571429
offset,62,7,19,43,12,2.71428571429
first_x,68,8,31,37,23,3.875
offset,68,8,31,37,23,3.875
ratio,68,8,31,37,23,3.875
first_x,206,14,43,163,29,3.07142857143
offset,206,14,43,163,29,3.07142857143
first_x,328,18,47,281,29,2.61111111111
first_x,512,22,73,439,51,3.31818181818
offset,512,22,73,439,51,3.31818181818
first_x,626,25,79,547,54,3.16
offset,626,25,79,547,54,3.16
first_x,1022,31,103,919,72,3.32258064516
offset,1022,31,103,919,72,3.32258064516
first_x,1126,33,107,1019,74,3.24242424242
offset,1126,33,107,1019,74,3.24242424242
first_x,1412,37,109,1303,72,2.94594594595
first_x,1732,41,113,1619,72,2.75609756098
first_x,1852,43,131,1721,88,3.04651162791
offset,1852,43,131,1721,88,3.04651162791
first_x,2522,50,139,2383,89,2.78
offset,2522,50,139,2383,89,2.78
first_x,2558,50,181,2377,131,3.62
offset,2558,50,181,2377,131,3.62
first_x,3938,62,199,3739,137,3.20967741935
offset,3938,62,199,3739,137,3.20967741935
first_x,5468,73,241,5227,168,3.30136986301
offset,5468,73,241,5227,168,3.30136986301
first_x,6128,78,271,5857,193,3.47435897436
offset,6128,78,271,5857,193,3.47435897436
first_x,7244,85,277,6967,192,3.25882352941
first_x,13268,115,349,12919,234,3.0347826087
offset,13268,115,349,12919,234,3.0347826087
first_x,19046,138,367,18679,229,2.65942028986
first_x,31832,178,439,31393,261,2.46629213483
offset,31832,178,439,31393,261,2.46629213483
first_x,37384,193,461,36923,268,2.38860103627
offset,37384,193,461,36923,268,2.38860103627
first_x,54496,233,503,53993,270,2.15879828326
offset,54496,233,503,53993,270,2.15879828326
first_x,60356,245,523,59833,278,2.13469387755
offset,60356,245,523,59833,278,2.13469387755
first_x,61708,248,557,61151,309,2.24596774194
offset,61708,248,557,61151,309,2.24596774194
first_x,66662,258,733,65929,475,2.84108527132
offset,66662,258,733,65929,475,2.84108527132
first_x,162758,403,751,162007,348,1.8635235732
first_x,162794,403,787,162007,384,1.95285359801
first_x,178162,422,839,177323,417,1.98815165877
first_x,202816,450,863,201953,413,1.91777777778
first_x,239816,489,877,238939,388,1.79345603272
first_x,254752,504,881,253871,377,1.74801587302
first_x,268978,518,887,268091,369,1.71235521236
first_x,274048,523,941,273107,418,1.79923518164
first_x,277022,526,1093,275929,567,2.07794676806
offset,277022,526,1093,275929,567,2.07794676806
first_x,310894,557,1097,309797,540,1.96947935368
first_x,407776,638,1103,406673,465,1.72884012539
first_x,424582,651,1151,423431,500,1.76804915515
first_x,431228,656,1171,430057,515,1.78506097561
first_x,453286,673,1259,452027,586,1.87072808321
offset,453286,673,1259,452027,586,1.87072808321
first_x,585308,765,1297,584011,532,1.6954248366
first_x,667672,817,1319,666353,502,1.61444308446
first_x,677672,823,1453,676219,630,1.76549210207
offset,677672,823,1453,676219,630,1.76549210207
first_x,816416,903,1489,814927,586,1.64894795127
first_x,846764,920,1567,845197,647,1.70326086957
offset,846764,920,1567,845197,647,1.70326086957
first_x,943984,971,1583,942401,612,1.63027806385
first_x,1056388,1027,1619,1054769,592,1.57643622201
first_x,1223414,1106,1621,1221793,515,1.46564195298
first_x,1254662,1120,1699,1252963,579,1.51696428571
first_x,1314428,1146,1747,1312681,601,1.52443280977
first_x,1418398,1190,1811,1416587,621,1.5218487395
first_x,1528292,1236,1861,1526431,625,1.50566343042
first_x,1646368,1283,1871,1644497,588,1.45830085737
first_x,1658926,1287,1877,1657049,590,1.45843045843
first_x,1663504,1289,2063,1661441,774,1.60046547711
offset,1663504,1289,2063,1661441,774,1.60046547711
first_x,2072602,1439,2069,2070533,630,1.43780403058
first_x,2109256,1452,2153,2107103,701,1.48278236915
first_x,2285212,1511,2411,2282801,900,1.59563203177
offset,2285212,1511,2411,2282801,900,1.59563203177
first_x,2959046,1720,2647,2956399,927,1.53895348837
offset,2959046,1720,2647,2956399,927,1.53895348837
first_x,3284186,1812,2683,3281503,871,1.48068432671
first_x,3502988,1871,2719,3500269,848,1.45323356494
first_x,4056886,2014,2897,4053989,883,1.43843098312
first_x,4269112,2066,2963,4266149,897,1.43417231365
first_x,4333232,2081,3001,4330231,920,1.44209514656
first_x,4904612,2214,3169,4901443,955,1.43134598013
offset,4904612,2214,3169,4901443,955,1.43134598013
first_x,5482898,2341,3187,5479711,846,1.36138402392
first_x,5617354,2370,3203,5614151,833,1.35147679325
first_x,5642012,2375,3259,5638753,884,1.37221052632
first_x,5755754,2399,3373,5752381,974,1.40600250104
offset,5755754,2399,3373,5752381,974,1.40600250104
first_x,6409772,2531,3391,6406381,860,1.33978664559
first_x,6449584,2539,3527,6446057,988,1.38912957857
offset,6449584,2539,3527,6446057,988,1.38912957857
first_x,7145614,2673,3623,7141991,950,1.35540591096
first_x,7862714,2804,3673,7859041,869,1.30991440799
first_x,8126074,2850,3677,8122397,827,1.2901754386
first_x,8269214,2875,4057,8265157,1182,1.41113043478
offset,8269214,2875,4057,8265157,1182,1.41113043478
first_x,9846334,3137,4127,9842207,990,1.31558814154
first_x,10509082,3241,4241,10504841,1000,1.30854674483
first_x,11044732,3323,4259,11040473,936,1.28167318688
first_x,11548688,3398,4297,11544391,899,1.26456739258
first_x,11603476,3406,4349,11599127,943,1.27686435702
first_x,12242492,3498,4621,12237871,1123,1.32104059463
first_x,12757642,3571,4673,12752969,1102,1.30859703164
first_x,14010608,3743,5101,14005507,1358,1.36281057975
offset,14010608,3743,5101,14005507,1358,1.36281057975
first_x,16927418,4114,5167,16922251,1053,1.25595527467
first_x,17329168,4162,5189,17323979,1027,1.24675636713
first_x,17891534,4229,5227,17886307,998,1.23598959565
first_x,18232072,4269,5273,18226799,1004,1.23518388381
first_x,18810508,4337,5279,18805229,942,1.21720083007
first_x,18910886,4348,5347,18905539,999,1.22976080957
first_x,19379942,4402,5413,19374529,1011,1.22966833258
first_x,19511068,4417,5861,19505207,1444,1.32691872312
offset,19511068,4417,5861,19505207,1444,1.32691872312
first_x,22943776,4789,5867,22937909,1078,1.22509918563
first_x,23040638,4800,6217,23034421,1417,1.29520833333
first_x,25662794,5065,6637,25656157,1572,1.31036525173
offset,25662794,5065,6637,25656157,1572,1.31036525173
first_x,30940936,5562,6653,30934283,1091,1.19615246314
first_x,30986728,5566,6689,30980039,1123,1.2017606899
first_x,31390858,5602,6779,31384079,1177,1.21010353445
first_x,31476328,5610,6917,31469411,1307,1.23297682709
first_x,32469874,5698,6977,32462897,1279,1.22446472446
first_x,34261684,5853,7001,34254683,1148,1.19613873227
first_x,35851534,5987,7043,35844491,1056,1.17638216135
first_x,36896074,6074,7127,36888947,1053,1.17336187027
first_x,37061516,6087,7129,37054387,1042,1.17118449154
first_x,37196576,6098,7159,37189417,1061,1.17399147261
first_x,37234024,6101,7187,37226837,1086,1.17800360597
first_x,37641178,6135,7229,37633949,1094,1.17832110839
first_x,38005262,6164,7459,37997803,1295,1.2100908501
first_x,39966194,6321,7477,39958717,1156,1.18288245531
first_x,40198258,6340,7559,40190699,1219,1.19227129338
first_x,41212676,6419,7639,41205037,1220,1.19006075713
first_x,41749328,6461,7687,41741641,1226,1.18975390806
first_x,41902424,6473,7723,41894701,1250,1.19310984088
first_x,42623234,6528,7741,42615493,1213,1.18581495098
first_x,42915146,6550,7753,42907393,1203,1.18366412214
first_x,43051154,6561,7963,43043191,1402,1.21368693797
first_x,46265372,6801,8101,46257271,1300,1.19114836054
first_x,48715904,6979,8221,48707683,1242,1.1779624588
first_x,49214504,7015,8317,49206187,1302,1.18560228083
first_x,50592464,7112,8377,50584087,1265,1.17786839145
first_x,51198172,7155,8513,51189659,1358,1.18979734451
first_x,53944588,7344,8597,53935991,1253,1.17061546841
first_x,54106204,7355,8747,54097457,1392,1.18925900748
first_x,55806994,7470,8963,55798031,1493,1.19986613119
first_x,60253742,7762,8971,60244771,1209,1.15575882505
first_x,60841408,7800,9059,60832349,1259,1.16141025641
first_x,61568266,7846,9437,61558829,1591,1.20277848585
offset,61568266,7846,9437,61558829,1591,1.20277848585
first_x,63134714,7945,9511,63125203,1566,1.19710509755
first_x,67709842,8228,9533,67700309,1305,1.15860476422
first_x,68786216,8293,9619,68776597,1326,1.15989388641
first_x,69218866,8319,9743,69209123,1424,1.17117442
first_x,71759246,8471,9769,71749477,1298,1.1532286625
first_x,73622516,8580,9967,73612549,1387,1.16165501166
first_x,76594864,8751,10067,76584797,1316,1.15038281339
first_x,77998306,8831,10139,77988167,1308,1.14811459631
first_x,78334372,8850,10193,78324179,1343,1.15175141243
first_x,80691806,8982,10273,80681533,1291,1.14373190826
first_x,80872574,8992,10651,80861923,1659,1.18449733096
offset,80872574,8992,10651,80861923,1659,1.18449733096
first_x,84588752,9197,10723,84578029,1526,1.16592367076
first_x,88352962,9399,10739,88342223,1340,1.14256835834
first_x,88788716,9422,10867,88777849,1445,1.15336446614
first_x,90473906,9511,10993,90462913,1482,1.15581957733
first_x,90998146,9539,11087,90987059,1548,1.16228116155
first_x,91905872,9586,11119,91894753,1533,1.15992071771
first_x,94183504,9704,11243,94172261,1539,1.15859439406
first_x,97093826,9853,11257,97082569,1404,1.14249467167
first_x,98188424,9909,11593,98176831,1684,1.16994651327
offset,98188424,9909,11593,98176831,1684,1.16994651327
first_x,103126586,10155,11617,103114969,1462,1.14396848843
first_x,103931012,10194,11689,103919323,1495,1.14665489504
first_x,104332652,10214,11839,104320813,1625,1.15909535931
first_x,104958664,10244,11897,104946767,1653,1.16136274893
first_x,107277598,10357,12149,107265449,1792,1.17302307618
offset,107277598,10357,12149,107265449,1792,1.17302307618
first_x,111264452,10548,12511,111251941,1963,1.18610163064
offset,111264452,10548,12511,111251941,1963,1.18610163064
first_x,118715218,10895,12539,118702679,1644,1.15089490592
first_x,122452006,11065,12653,122439353,1588,1.1435155897
first_x,122604128,11072,12697,122591431,1625,1.1467666185
first_x,130559668,11426,12791,130546877,1365,1.11946437949
first_x,132718646,11520,12967,132705679,1447,1.12560763889
first_x,133625386,11559,13043,133612343,1484,1.12838480837
first_x,138243946,11757,13163,138230783,1406,1.11958833036
first_x,141749648,11905,13171,141736477,1266,1.10634187316
first_x,142430984,11934,13381,142417603,1447,1.12125020949
first_x,142600748,11941,13399,142587349,1458,1.12210032661
first_x,143369266,11973,13457,143355809,1484,1.12394554414
first_x,144903856,12037,13469,144890387,1432,1.1189665199
first_x,148486238,12185,13591,148472647,1406,1.11538777185
first_x,149485972,12226,13709,149472263,1483,1.12129887126
first_x,150754106,12278,13903,150740203,1625,1.13235054569
first_x,154892734,12445,13907,154878827,1462,1.11747689835
first_x,156529022,12511,13921,156515101,1410,1.11270082328
first_x,159800492,12641,13933,159786559,1292,1.10220710387
first_x,159948752,12647,14149,159934603,1502,1.11876334309
first_x,161685548,12715,14251,161671297,1536,1.12080220212
first_x,163121542,12771,14321,163107221,1550,1.12136872602
first_x,164704676,12833,14347,164690329,1514,1.11797709031
first_x,167041568,12924,14431,167027137,1507,1.11660476633
first_x,168579842,12983,14563,168565279,1580,1.12169760456
first_x,168887116,12995,14669,168872447,1674,1.12881877645
first_x,171157622,13082,14821,171142801,1739,1.13293074453
first_x,174110438,13195,14869,174095569,1674,1.12686623721
first_x,176155898,13272,14887,176141011,1615,1.12168474985
first_x,182067658,13493,14951,182052707,1458,1.10805602905
first_x,182769326,13519,15187,182754139,1668,1.12338190695
first_x,188086448,13714,15217,188071231,1503,1.10959603325
first_x,189514358,13766,15259,189499099,1493,1.10845561528
first_x,189805832,13777,15271,189790561,1494,1.10844160557
first_x,189824588,13777,15289,189809299,1512,1.10974813094
first_x,189846308,13778,15319,189830989,1541,1.11184497024
first_x,190194892,13791,15761,190179131,1970,1.14284678413
offset,190194892,13791,15761,190179131,1970,1.14284678413
first_x,204518068,14300,15797,204502271,1497,1.10468531469
first_x,208530758,14440,15859,208514899,1419,1.09826869806
first_x,210434186,14506,15973,210418213,1467,1.10113056666
first_x,214343512,14640,16001,214327511,1361,1.09296448087
first_x,214517168,14646,16369,214500799,1723,1.11764304247
first_x,216809116,14724,16427,216792689,1703,1.11566150503
first_x,222409702,14913,16493,222393209,1580,1.10594783075
first_x,227969026,15098,16649,227952377,1551,1.10272883826
first_x,233532352,15281,16673,233515679,1392,1.09109351482
first_x,234533578,15314,17159,234516419,1845,1.12047799399
first_x,238836856,15454,17333,238819523,1879,1.12158664423
first_x,244427558,15634,17377,244410181,1743,1.11148778304
first_x,251732258,15866,17419,251714839,1553,1.09788226396
first_x,252564778,15892,17477,252547301,1585,1.09973571608
first_x,252922408,15903,17747,252904661,1844,1.11595296485
first_x,258807782,16087,17851,258789931,1764,1.10965375769
first_x,262277656,16194,17909,262259747,1715,1.10590342102
first_x,262500454,16201,18041,262482413,1840,1.11357323622
first_x,269724796,16423,18077,269706719,1654,1.10071241551
first_x,271364812,16473,18131,271346681,1658,1.10064954774
first_x,274615588,16571,18257,274597331,1686,1.10174401062
first_x,276710032,16634,18311,276691721,1677,1.1008176025
first_x,281569732,16780,18353,281551379,1573,1.09374255066
first_x,283687876,16843,18587,283669289,1744,1.1035444992
first_x,289644316,17018,18593,289625723,1575,1.0925490657
first_x,290562694,17045,18731,290543963,1686,1.09891463772
first_x,298092616,17265,18947,298073669,1682,1.09742253113
first_x,301560472,17365,19259,301541213,1894,1.10906996833
first_x,306570086,17509,19267,306550819,1758,1.10040550574
first_x,307912786,17547,19289,307893497,1742,1.09927622955
first_x,308236288,17556,19559,308216729,2003,1.1140920483
offset,308236288,17556,19559,308216729,2003,1.1140920483
first_x,323776918,17993,19577,323757341,1584,1.08803423554
first_x,325815212,18050,19801,325795411,1751,1.09700831025
first_x,327881468,18107,19861,327861607,1754,1.09686861435
first_x,332713678,18240,19919,332693759,1679,1.0920504386
first_x,333620674,18265,19937,333600737,1672,1.09154119901
first_x,336809008,18352,20021,336788987,1669,1.09094376635
first_x,337590416,18373,20047,337570369,1674,1.09111195776
first_x,340482694,18452,20123,340462571,1671,1.09055928897
first_x,341366176,18476,20543,341345633,2067,1.11187486469
offset,341366176,18476,20543,341345633,2067,1.11187486469
first_x,347756944,18648,20963,347735981,2315,1.12414199914
offset,347756944,18648,20963,347735981,2315,1.12414199914
first_x,370488334,19248,21227,370467107,1979,1.10281587697
first_x,383061878,19571,21379,383040499,1808,1.092381585
first_x,385547962,19635,21383,385526579,1748,1.08902470079
first_x,387682978,19689,21401,387661577,1712,1.08695210524
first_x,388130768,19701,21517,388109251,1816,1.09217806203
first_x,392806748,19819,21559,392785189,1740,1.08779454059
first_x,393954382,19848,21599,393932783,1751,1.08822047561
first_x,398593178,19964,21649,398571529,1685,1.08440192346
first_x,402313654,20057,21851,402291803,1794,1.08944508152
first_x,404741872,20118,22013,404719859,1895,1.0941942539
first_x,408726734,20216,22027,408704707,1811,1.0895825089
first_x,409736032,20241,22229,409713803,1988,1.09821649128
first_x,422469884,20554,22303,422447581,1749,1.08509292595
first_x,423004844,20567,22483,422982361,1916,1.09315894394
first_x,425989568,20639,22531,425967037,1892,1.0916711081
first_x,429773936,20730,22567,429751369,1837,1.08861553304
first_x,433327786,20816,22769,433305017,1953,1.09382205995
first_x,441120668,21002,23017,441097651,2015,1.0959432435
first_x,452908436,21281,23053,452885383,1772,1.08326676378
first_x,459774086,21442,23173,459750913,1731,1.08072940957
first_x,462108952,21496,23201,462085751,1705,1.07931708225
first_x,464682536,21556,23227,464659309,1671,1.07751902023
first_x,466239296,21592,23269,466216027,1677,1.07766765469
first_x,467794616,21628,23293,467771323,1665,1.07698353986
first_x,469945328,21678,23497,469921831,1819,1.08390995479
first_x,470383094,21688,23563,470359531,1875,1.08645333825
first_x,475011224,21794,23671,474987553,1877,1.08612462146
first_x,481586264,21945,23857,481562407,1912,1.08712690818
first_x,484471436,22010,23917,484447519,1907,1.08664243526
first_x,491777392,22176,23981,491753411,1805,1.08139430014
first_x,495394598,22257,24379,495370219,2122,1.09534079166
first_x,509368016,22569,24439,509343577,1870,1.08285701626
first_x,514016246,22671,24499,513991747,1828,1.08063164395
first_x,520917982,22823,24659,520893323,1836,1.08044516497
first_x,523255232,22874,24691,523230541,1817,1.07943516656
first_x,525183566,22916,24697,525158869,1781,1.07771862454
first_x,525212392,22917,24821,525187571,1904,1.08308242789
first_x,533389834,23095,24851,533364983,1756,1.07603377354
first_x,533878204,23105,25013,533853191,1908,1.08257952824
first_x,534991742,23129,25561,534966181,2432,1.10514937957
offset,534991742,23129,25561,534966181,2432,1.10514937957
first_x,561043258,23686,25601,561017657,1915,1.08084944693
first_x,561466046,23695,25633,561440413,1938,1.08178940705
first_x,566811746,23807,25639,566786107,1832,1.07695215693
first_x,569822518,23870,25841,569796677,1971,1.08257226644
first_x,570834794,23892,26203,570808591,2311,1.09672693789
first_x,581571478,24115,26627,581544851,2512,1.10416753058
offset,581571478,24115,26627,581544851,2512,1.10416753058
first_x,613634492,24771,26701,613607791,1930,1.07791368939
first_x,616018616,24819,26737,615991879,1918,1.07727950361
first_x,619089538,24881,26777,619062761,1896,1.07620272497
first_x,626962022,25039,26833,626935189,1794,1.07164822876
first_x,629987426,25099,26839,629960587,1740,1.06932547113
first_x,631039688,25120,26881,631012807,1761,1.07010350318
first_x,632892566,25157,26947,632865619,1790,1.07115315817
first_x,635681828,25212,26959,635654869,1747,1.06929240044
first_x,636866924,25236,27043,636839881,1807,1.0716040577
first_x,637619156,25251,27259,637591897,2008,1.0795216031
first_x,643486136,25367,27283,643458853,1916,1.07553120196
first_x,658161172,25654,27581,658133591,1927,1.07511499181
first_x,661349336,25716,27673,661321663,1957,1.07610048219
first_x,672396866,25930,27793,672369073,1863,1.07184728114
first_x,672974558,25941,27799,672946759,1858,1.07162407001
first_x,674565446,25972,27823,674537623,1851,1.07126905899
first_x,677103398,26021,28297,677075101,2276,1.08746781446
first_x,688505642,26239,28393,688477249,2154,1.08209154312
first_x,699475334,26447,28591,699446743,2144,1.08106779597
first_x,705299576,26557,28813,705270763,2256,1.08494935422
first_x,726109724,26946,28843,726080881,1897,1.07040005938
first_x,735655964,27122,28933,735627031,1811,1.06677236192
first_x,742737172,27253,29033,742708139,1780,1.0653139104
first_x,751202482,27408,29063,751173419,1655,1.06038382954
first_x,752098828,27424,29201,752069627,1777,1.06479725788
first_x,754535458,27468,29297,754506161,1829,1.06658657347
first_x,758378614,27538,29327,758349287,1789,1.06496477595
first_x,759657928,27561,29339,759628589,1778,1.06451144734
first_x,760060858,27569,29759,760031099,2190,1.07943704886
first_x,769145368,27733,29837,769115531,2104,1.07586629647
first_x,781325278,27952,29879,781295399,1927,1.06893961076
first_x,782029078,27964,30197,781998881,2233,1.07985266772
first_x,793969226,28177,30469,793938757,2292,1.08134293928
first_x,802755176,28332,30529,802724647,2197,1.07754482564
first_x,813250604,28517,30853,813219751,2336,1.08191605008
first_x,825523276,28731,30893,825492383,2162,1.07524973026
first_x,827105282,28759,31033,827074249,2274,1.07907089954
first_x,843744394,29047,31091,843713303,2044,1.07036871278
first_x,848240698,29124,31139,848209559,2015,1.06918692487
first_x,856963222,29273,31193,856932029,1920,1.06558945103
first_x,858373414,29298,31271,858342143,1973,1.06734248072
first_x,862533074,29368,31333,862501741,1965,1.06690956143
first_x,864708184,29405,31517,864676667,2112,1.07182451964
first_x,868133356,29464,31547,868101809,2083,1.07069644312
first_x,869106064,29480,31973,869074091,2493,1.08456580733
first_x,896964526,29949,32069,896932457,2120,1.07078700457
first_x,903003316,30050,32327,902970989,2277,1.07577371048
first_x,918919964,30313,32587,918887377,2274,1.0750173193
first_x,931568926,30521,32603,931536323,2082,1.06821532715
first_x,933869164,30559,32621,933836543,2062,1.06747602997
first_x,938816926,30640,32693,938784233,2053,1.06700391645
first_x,950363198,30827,32749,950330449,1922,1.06234794174
first_x,957161798,30938,32971,957128827,2033,1.0657120693
first_x,969600908,31138,33289,969567619,2151,1.06907958122
first_x,989929946,31463,33457,989896489,1994,1.06337602899
first_x,999605078,31616,33469,999571609,1853,1.05860956478
first_x,1003424978,31676,33619,1003391359,1943,1.06133981563
first_x,1006793804,31730,33937,1006759867,2207,1.06955562559
first_x,1024613438,32009,33967,1024579471,1958,1.06117029585
first_x,1034836682,32168,34141,1034802541,1973,1.06133424521
first_x,1037987134,32217,34217,1037952917,2000,1.0620790266
first_x,1048607776,32382,34253,1048573523,1871,1.05777901303
first_x,1052847854,32447,34273,1052813581,1826,1.05627638919
first_x,1058147278,32529,34511,1058112767,1982,1.06093024686
first_x,1074363914,32777,34543,1074329371,1766,1.05387924459
first_x,1075394608,32793,34607,1075360001,1814,1.05531668344
first_x,1076855876,32815,34843,1076821033,2028,1.06180100564
first_x,1080661742,32873,34849,1080626893,1976,1.06011012077
first_x,1082112734,32895,34897,1082077837,2002,1.06086031312
first_x,1085546624,32947,35107,1085511517,2160,1.06555983853
first_x,1092092402,33046,35281,1092057121,2235,1.06763299643
first_x,1114881934,33389,35771,1114846163,2382,1.07134086076
first_x,1129049954,33601,35797,1129014157,2196,1.06535519776
first_x,1143275624,33812,35923,1143239701,2111,1.06243345558
first_x,1143324362,33813,36691,1143287671,2878,1.08511519238
offset,1143324362,33813,36691,1143287671,2878,1.08511519238
first_x,1175613152,34287,36931,1175576221,2644,1.0771137749
first_x,1224002402,34985,36979,1223965423,1994,1.05699585537
first_x,1235885372,35155,37189,1235848183,2034,1.05785805718
first_x,1243153922,35258,37273,1243116649,2015,1.05715015032
first_x,1246343668,35303,37337,1246306331,2034,1.0576155001
first_x,1254741802,35422,37409,1254704393,1987,1.05609508215
first_x,1258119398,35469,37549,1258081849,2080,1.05864275847
first_x,1268218682,35612,37561,1268181121,1949,1.05472874312
first_x,1268375938,35614,37799,1268338139,2185,1.06135227719
first_x,1279879234,35775,38201,1279841033,2426,1.06781271838
first_x,1283568604,35826,38231,1283530373,2405,1.06713001731
first_x,1298321686,36032,38237,1298283449,2205,1.06119560391
first_x,1302860164,36095,38393,1302821771,2298,1.06366532761
first_x,1310190088,36196,38447,1310151641,2251,1.06218919218
first_x,1314115876,36250,38459,1314077417,2209,1.06093793103
first_x,1317062176,36291,38543,1317023633,2252,1.06205395277
first_x,1337950442,36578,38791,1337911651,2213,1.0605008475
first_x,1340698868,36615,38821,1340660047,2206,1.06024853202
first_x,1342332296,36637,38839,1342293457,2202,1.06010317439
first_x,1348045462,36715,38873,1348006589,2158,1.05877706659
first_x,1349144156,36730,39097,1349105059,2367,1.06444323441
first_x,1364879008,36944,39239,1364839769,2295,1.06212104807
first_x,1385272172,37219,39313,1385232859,2094,1.05626158682
first_x,1393511326,37329,39317,1393472009,1988,1.05325618152
first_x,1394203066,37339,39443,1394163623,2104,1.05634858995
first_x,1397018998,37376,39509,1396979489,2133,1.05706870719
first_x,1401454528,37436,39659,1401414869,2223,1.05938134416
first_x,1411148786,37565,39979,1411108807,2414,1.06426194596
first_x,1411913072,37575,40429,1411872643,2854,1.07595475715
first_x,1460152604,38211,40903,1460111701,2692,1.07045091728
first_x,1501217714,38745,41017,1501176697,2272,1.05863982449
first_x,1502753926,38765,41549,1502712377,2784,1.07181736102
first_x,1553613284,39415,41851,1553571433,2436,1.06180388177
first_x,1571199862,39638,41969,1571157893,2331,1.05880720521
first_x,1582169276,39776,42073,1582127203,2297,1.05774839099
first_x,1600451404,40005,42557,1600408847,2552,1.063792026
first_x,1655879168,40692,43117,1655836051,2425,1.0595940234
first_x,1694988062,41170,43159,1694944903,1989,1.04831187758
first_x,1696970018,41194,43411,1696926607,2217,1.05381851726
first_x,1710804206,41361,43633,1710760573,2272,1.05493097362
first_x,1734623918,41648,43669,1734580249,2021,1.04852573953
first_x,1735584074,41660,43717,1735540357,2057,1.04937590014
first_x,1738341716,41693,43753,1738297963,2060,1.04940877366
first_x,1740852892,41723,43961,1740808931,2238,1.05363947942
first_x,1752501892,41862,44483,1752457409,2621,1.06261048206
first_x,1793189122,42346,44633,1793144489,2287,1.05400746233
first_x,1805028074,42485,44701,1804983373,2216,1.05215958574
first_x,1820039174,42661,44797,1819994377,2136,1.05006914981
first_x,1828065566,42755,44893,1828020673,2138,1.05000584727
first_x,1836926678,42859,45259,1836881419,2400,1.05599757344
first_x,1844925622,42952,45329,1844880293,2377,1.0553408456
first_x,1852005104,43034,45433,1851959671,2399,1.05574661895
first_x,1854451616,43063,45553,1854406063,2490,1.05782226041
first_x,1858533674,43110,45631,1858488043,2521,1.0584783113
first_x,1866089528,43198,45757,1866043771,2559,1.05923885365
first_x,1866192638,43199,46099,1866146539,2900,1.06713118359
offset,1866192638,43199,46099,1866146539,2900,1.06713118359
first_x,1889306668,43466,46181,1889260487,2715,1.06246261446
first_x,1890643568,43481,46261,1890597307,2780,1.06393597203
first_x,1938390422,44027,46471,1938343951,2444,1.05551139074
first_x,1942745198,44076,46477,1942698721,2401,1.05447409021
first_x,1951245158,44172,46567,1951198591,2395,1.05421986779
first_x,1965460136,44333,46639,1965413497,2306,1.05201542869
first_x,1968619508,44369,47017,1968572491,2648,1.05968130902
first_x,1986244744,44567,47303,1986197441,2736,1.0613907151
first_x,2013279266,44869,47389,2013231877,2520,1.05616349818
first_x,2032414568,45082,47419,2032367149,2337,1.05183887139
first_x,2050524856,45282,47717,2050477139,2435,1.05377412658
first_x,2059780406,45384,47917,2059732489,2533,1.05581262119
first_x,2076895976,45572,48109,2076847867,2537,1.05567014834
first_x,2109529528,45929,48179,2109481349,2250,1.0489886564
first_x,2111922856,45955,48647,2111874209,2692,1.05857904472
first_x,2143702072,46300,48731,2143653341,2431,1.05250539957
first_x,2147484932,46340,48733,2147436199,2393,1.05164005179
first_x,2156916092,46442,48781,2156867311,2339,1.05036389475
first_x,2163580898,46514,48859,2163532039,2345,1.05041492884
first_x,2184512456,46738,49177,2184463279,2439,1.05218451795
first_x,2195416462,46855,49451,2195367011,2596,1.05540497279
first_x,2247910858,47412,50261,2247860597,2849,1.0600902725
first_x,2316778402,48132,50333,2316728069,2201,1.04572841353
first_x,2319106798,48157,50411,2319056387,2254,1.04680524119
first_x,2328431398,48253,50549,2328380849,2296,1.04758253373
first_x,2351598988,48493,50651,2351548337,2158,1.04450126822
first_x,2359099642,48570,50723,2359048919,2153,1.04432777435
first_x,2364446248,48625,50741,2364395507,2116,1.04351670951
first_x,2368877326,48671,50909,2368826417,2238,1.04598220706
first_x,2381785214,48803,51031,2381734183,2228,1.04565293117
first_x,2384501732,48831,51043,2384450689,2212,1.04529909279
first_x,2390196866,48889,51109,2390145757,2220,1.04540898771
first_x,2396227588,48951,51431,2396176157,2480,1.05066290781
first_x,2416127696,49154,51679,2416076017,2525,1.05136916629
first_x,2443159436,49428,51787,2443107649,2359,1.04772598527
first_x,2459209202,49590,51829,2459157373,2239,1.0451502319
first_x,2462639174,49624,51973,2462587201,2349,1.04733596647
first_x,2469787084,49696,52301,2469734783,2605,1.05241870573
first_x,2495453704,49954,52457,2495401247,2503,1.05010609761
first_x,2539164206,50390,52627,2539111579,2237,1.04439372891
first_x,2542902344,50427,52861,2542849483,2434,1.04826779305
first_x,2564627668,50642,52901,2564574767,2259,1.044607243
first_x,2565584498,50651,53197,2565531301,2546,1.05026554263
first_x,2596565884,50956,53783,2596512101,2827,1.05547923699
first_x,2650391554,51481,53993,2650337561,2512,1.04879470096
first_x,2686202702,51828,54091,2686148611,2263,1.04366365671
first_x,2694523652,51908,54139,2694469513,2231,1.04297988749
first_x,2700896764,51970,54287,2700842477,2317,1.04458341351
first_x,2703463912,51994,54443,2703409469,2449,1.04710158864
first_x,2722268314,52175,54497,2722213817,2322,1.04450407283
first_x,2730366094,52252,54647,2730311447,2395,1.0458355661
first_x,2751114358,52451,54779,2751059579,2328,1.04438428247
first_x,2762057248,52555,55217,2762002031,2662,1.05065169822
first_x,2764919302,52582,55229,2764864073,2647,1.05034042068
first_x,2792172154,52841,55661,2792116493,2820,1.05336765012
first_x,2837391244,53267,55823,2837335421,2556,1.04798468095
first_x,2873352044,53603,56167,2873295877,2564,1.04783314367
first_x,2898232706,53835,56209,2898176497,2374,1.04409770595
first_x,2916383192,54003,56599,2916326593,2596,1.04807140344
first_x,2963188988,54435,56779,2963132209,2344,1.04306053091
first_x,2971405168,54510,56891,2971348277,2381,1.0436800587
first_x,2985530714,54640,56983,2985473731,2343,1.0428806735
first_x,3014027474,54900,57283,3013970191,2383,1.04340619308
first_x,3038856442,55125,57383,3038799059,2258,1.04096145125
first_x,3042085258,55155,57557,3042027701,2402,1.04354999547
first_x,3045573632,55186,57679,3045515953,2493,1.04517450078
first_x,3098546084,55664,57787,3098488297,2123,1.0381395516
first_x,3102814642,55702,57791,3102756851,2089,1.03750314172
first_x,3103491172,55708,57899,3103433273,2191,1.03933007827
first_x,3107304484,55743,57923,3107246561,2180,1.03910804944
first_x,3112816258,55792,57977,3112758281,2185,1.03916332091
first_x,3122918152,55883,58661,3122859491,2778,1.04971100335
first_x,3158626844,56201,58687,3158568157,2486,1.04423408836
first_x,3180643072,56397,58901,3180584171,2504,1.0443995248
first_x,3213495746,56687,59419,3213436327,2732,1.0481944714
first_x,3255530948,57057,59539,3255471409,2482,1.04350035929
first_x,3259330994,57090,59557,3259271437,2467,1.04321247154
first_x,3266991538,57157,59621,3266931917,2464,1.04310933044
first_x,3291050512,57367,59693,3290990819,2326,1.04054595848
first_x,3303747026,57478,59797,3303687229,2319,1.04034587146
first_x,3320761874,57626,59833,3320702041,2207,1.03829868462
first_x,3330958502,57714,59863,3330898639,2149,1.03723533285
first_x,3337944898,57774,59999,3337884899,2225,1.03851213349
first_x,3346508114,57849,60013,3346448101,2164,1.03740773393
first_x,3347877476,57860,60127,3347817349,2267,1.0391807812
first_x,3356183984,57932,60133,3356123851,2201,1.03799281917
first_x,3372888884,58076,60223,3372828661,2147,1.0369687995
first_x,3375803566,58101,60257,3375743309,2156,1.03710779505
first_x,3378006146,58120,60259,3377945887,2139,1.03680316586
first_x,3391251488,58234,60331,3391191157,2097,1.03600989113
first_x,3393657158,58255,60397,3393596761,2142,1.03676937602
first_x,3395561018,58271,60457,3395500561,2186,1.0375143725
first_x,3407717912,58375,60601,3407657311,2226,1.03813276231
first_x,3408004778,58378,60649,3407944129,2271,1.03890164103
first_x,3409424302,58390,61151,3409363151,2761,1.04728549409
first_x,3412109672,58413,61339,3412048333,2926,1.0500915892
offset,3412109672,58413,61339,3412048333,2926,1.0500915892
first_x,3459655118,58818,61441,3459593677,2623,1.04459519195
first_x,3460898128,58829,61547,3460836581,2718,1.04620170324
first_x,3512678614,59267,61637,3512616977,2370,1.0399885265
first_x,3530729942,59419,61681,3530668261,2262,1.03806863125
first_x,3534895216,59454,62477,3534832739,3023,1.05084603223
offset,3534895216,59454,62477,3534832739,3023,1.05084603223
first_x,3575045882,59791,62539,3574983343,2748,1.04596009433
first_x,3625335278,60210,62581,3625272697,2371,1.03937884072
first_x,3639530578,60328,62897,3639467681,2569,1.04258387482
first_x,3641532808,60345,62981,3641469827,2636,1.04368216091
first_x,3670597394,60585,63031,3670534363,2446,1.04037302963
first_x,3684062476,60696,63197,3683999279,2501,1.04120535126
first_x,3684466526,60699,63487,3684403039,2788,1.04593156395
first_x,3731773456,61088,63587,3731709869,2499,1.04090819801
first_x,3737089996,61131,63617,3737026379,2486,1.04066676482
first_x,3756910232,61293,64231,3756846001,2938,1.04793369553
first_x,3816636844,61778,64283,3816572561,2505,1.04054841529
first_x,3842147948,61985,64327,3842083621,2342,1.03778333468
first_x,3849521968,62044,64439,3849457529,2395,1.03860163755
first_x,3861064448,62137,64489,3860999959,2352,1.03785184351
first_x,3862245542,62146,64579,3862180963,2433,1.03914974415
first_x,3864905258,62168,64627,3864840631,2459,1.03955411144
first_x,3874293022,62243,64871,3874228151,2628,1.04222161528
first_x,3880709446,62295,64919,3880644527,2624,1.04212216069
first_x,3884535586,62326,65033,3884470553,2707,1.04343291724
first_x,3929192434,62683,65423,3929127011,2740,1.04371201123
first_x,3951562238,62861,65701,3951496537,2840,1.04517904583
first_x,3983521306,63115,66359,3983454947,3244,1.05139824131
offset,3983521306,63115,66359,3983454947,3244,1.05139824131
first_x,4065804772,63763,66449,4065738323,2686,1.04212474319
first_x,4073443102,63823,66749,4073376353,2926,1.04584554158
first_x,4140522682,64346,66809,4140455873,2463,1.0382774376
first_x,4145139794,64382,67003,4145072791,2621,1.04071013637
first_x,4145256418,64383,67049,4145189369,2666,1.04140844633
first_x,4180059668,64653,67231,4179992437,2578,1.03987440645
first_x,4191049022,64738,67261,4190981761,2523,1.03897247366
first_x,4217820626,64944,67819,4217752807,2875,1.0442689086
first_x,4283406164,65447,67891,4283338273,2444,1.03734319373
first_x,4284352312,65454,68141,4284284171,2687,1.04105173099
first_x,4316384354,65699,68473,4316315881,2774,1.04222286488
first_x,4320571418,65731,68521,4320502897,2790,1.04244572576
first_x,4357688144,66012,68881,4357619263,2869,1.04346179483
first_x,4377173986,66160,68963,4377105023,2803,1.04236698912
first_x,4382049968,66197,69067,4381980901,2870,1.04335543907
first_x,4426437332,66531,69073,4426368259,2542,1.03820775278
first_x,4441891046,66647,69427,4441821619,2780,1.04171230513
first_x,4469013674,66850,69463,4468944211,2613,1.03908750935
first_x,4490132594,67008,69493,4490063101,2485,1.03708512416
first_x,4498262234,67069,70141,4498192093,3072,1.04580357542
first_x,4596552134,67797,70297,4596481837,2500,1.03687478797
first_x,4605590552,67864,70309,4605520243,2445,1.03602793823
first_x,4617932876,67955,70717,4617862159,2762,1.04064454418
first_x,4660677446,68269,70753,4660606693,2484,1.03638547511
first_x,4685951236,68454,70919,4685880317,2465,1.03600958308
first_x,4688879024,68475,70957,4688808067,2482,1.0362468054
first_x,4701322688,68566,71257,4701251431,2691,1.03924685704
first_x,4732142224,68790,71261,4732070963,2471,1.03592091874
first_x,4737455098,68829,71537,4737383561,2708,1.03934388121
first_x,4785760274,69179,71551,4785688723,2372,1.03428786192
first_x,4795022798,69246,71809,4794950989,2563,1.03701296826
first_x,4822741984,69445,71933,4822670051,2488,1.03582691338
first_x,4840090714,69570,71987,4840018727,2417,1.03474198649
first_x,4842984274,69591,72341,4842911933,2750,1.03951660416
first_x,4871504884,69796,72503,4871432381,2707,1.03878445756
first_x,4919186284,70136,72647,4919113637,2511,1.03580187065
first_x,4943202358,70307,72689,4943129669,2382,1.0338799835
first_x,4947343132,70337,72893,4947270239,2556,1.03633933776
first_x,4961676022,70439,72959,4961603063,2520,1.03577563566
first_x,4995380812,70678,73013,4995307799,2335,1.03303715442
first_x,4997412166,70692,73613,4997338553,2921,1.0413200928
first_x,5044508068,71024,73961,5044434107,2937,1.04135221897
first_x,5086888322,71322,74101,5086814221,2779,1.03896413449
first_x,5110964926,71491,74177,5110890749,2686,1.0375711628
first_x,5158160212,71820,74453,5158085759,2633,1.03666109719
first_x,5193158312,72063,74623,5193083689,2560,1.03552447164
first_x,5211370748,72189,74761,5211295987,2572,1.03562869689
first_x,5237809796,72372,75013,5237734783,2641,1.03649201349
first_x,5259566086,72522,75389,5259490697,2867,1.03953283142
first_x,5285590588,72702,75407,5285515181,2705,1.03720667932
first_x,5319041314,72931,75611,5318965703,2680,1.03674706229
first_x,5329838446,73005,75659,5329762787,2654,1.03635367441
first_x,5332528594,73024,75821,5332452773,2797,1.0383024759
first_x,5371616902,73291,75833,5371541069,2542,1.03468365829
first_x,5407355438,73534,75979,5407279459,2445,1.0332499252
first_x,5421810272,73632,76099,5421734173,2467,1.03350445458
first_x,5438699792,73747,76243,5438623549,2496,1.03384544456
first_x,5440625096,73760,76603,5440548493,2843,1.03854392625
first_x,5505086138,74196,76717,5505009421,2521,1.03397757291
first_x,5526042136,74337,76829,5525965307,2492,1.03352301008
first_x,5530085318,74364,77347,5530007971,2983,1.04011349578
first_x,5600465888,74836,77377,5600388511,2541,1.03395424662
first_x,5619504962,74963,77569,5619427393,2606,1.03476381682
first_x,5633497616,75056,77773,5633419843,2717,1.0361996376
first_x,5685419098,75401,77951,5685341147,2550,1.03381918012
first_x,5692881098,75451,78259,5692802839,2808,1.03721620654
first_x,5744549722,75792,78593,5744471129,2801,1.03695640701
first_x,5787192106,76073,78887,5787113219,2814,1.03699078517
first_x,5868056812,76603,78989,5867977823,2386,1.03114760519
first_x,5878875172,76673,79133,5878796039,2460,1.03208430608
first_x,5883686696,76705,79273,5883607423,2568,1.03347891272
first_x,5898068846,76798,79423,5897989423,2625,1.03418057762
first_x,5903521604,76834,79621,5903441983,2787,1.03627300414
first_x,5968116274,77253,79907,5968036367,2654,1.03435465289
first_x,5996341796,77436,79939,5996261857,2503,1.03232346712
first_x,6000220208,77461,80149,6000140059,2688,1.03470133357
first_x,6001281068,77467,80251,6001200817,2784,1.03593788323
first_x,6038869358,77710,80527,6038788831,2817,1.03625016085
first_x,6064109042,77872,80989,6064028053,3117,1.04002722416
first_x,6149452508,78418,81001,6149371507,2583,1.03293886608
first_x,6179467922,78609,81649,6179386273,3040,1.03867241664
first_x,6250728944,79061,81703,6250647241,2642,1.03341723479
first_x,6310108274,79436,82021,6310026253,2585,1.03254192054
first_x,6344823658,79654,82067,6344741591,2413,1.03029351947
first_x,6379121492,79869,82171,6379039321,2302,1.02882219635
first_x,6384221638,79901,82757,6384138881,2856,1.03574423349
first_x,6429804154,80186,82781,6429721373,2595,1.03236225775
first_x,6444378856,80276,82883,6444295973,2607,1.03247545966
first_x,6496064116,80598,82889,6495981227,2291,1.02842502295
first_x,6505574872,80657,83003,6505491869,2346,1.02908613016
first_x,6522416654,80761,83203,6522333451,2442,1.03023736705
first_x,6528142678,80796,83267,6528059411,2471,1.03058319719
first_x,6548825548,80924,83357,6548742191,2433,1.0300652464
first_x,6552543628,80947,83471,6552460157,2524,1.03118089614
first_x,6561598996,81003,83663,6561515333,2660,1.03283828994
first_x,6572742074,81072,83701,6572658373,2629,1.03242796527
first_x,6619746442,81361,83813,6619662629,2452,1.03013728936
first_x,6622303964,81377,83857,6622220107,2480,1.03047544146
first_x,6628940504,81418,84121,6628856383,2703,1.03319904689
first_x,6639505784,81483,84313,6639421471,2830,1.03473117092
first_x,6667183646,81652,84499,6667099147,2847,1.03486748641
first_x,6667633282,81655,84509,6667548773,2854,1.03495193191
first_x,6669732544,81668,84521,6669648023,2853,1.03493412352
first_x,6711106652,81921,84559,6711022093,2638,1.03220175535
first_x,6733238528,82056,84589,6733153939,2533,1.03086916252
first_x,6750238822,82159,84629,6750154193,2470,1.03006365706
first_x,6762352088,82233,84649,6762267439,2416,1.02937993263
first_x,6767589824,82265,84991,6767504833,2726,1.03313681395
first_x,6781867556,82352,85027,6781782529,2675,1.03248251409
first_x,6793511594,82422,85081,6793426513,2659,1.03226080415
first_x,6799621288,82459,85229,6799536059,2770,1.03359245201
first_x,6811273886,82530,85237,6811188649,2707,1.03280019387
first_x,6839847272,82703,85243,6839762029,2540,1.0307123079
first_x,6849345842,82760,85513,6849260329,2753,1.03326486225
first_x,6885535264,82979,85523,6885449741,2544,1.03065835934
first_x,6889378072,83002,85703,6889292369,2701,1.03254138454
first_x,6924702892,83214,85781,6924617111,2567,1.03084817459
first_x,6933685082,83268,86323,6933598759,3055,1.03668876399
first_x,6964216502,83451,86389,6964130113,2938,1.03520628872
first_x,6975754306,83520,86423,6975667883,2903,1.03475814176
first_x,7017355622,83769,86929,7017268693,3160,1.03772278528
first_x,7117144988,84363,87181,7117057807,2818,1.03340326921
first_x,7123562474,84401,87541,7123474933,3140,1.03720335067
first_x,7175371888,84707,87557,7175284331,2850,1.0336453894
first_x,7204316566,84878,87719,7204228847,2841,1.03347157096
first_x,7221009578,84976,87739,7220921839,2763,1.03251506308
first_x,7229121016,85024,87797,7229033219,2773,1.03261432066
first_x,7262787286,85221,87869,7262699417,2648,1.03107215358
first_x,7282109878,85335,87881,7282021997,2546,1.02983535478
first_x,7282852454,85339,87961,7282764493,2622,1.0307245222
first_x,7286963116,85363,87977,7286875139,2614,1.03062216651
first_x,7296517196,85419,88117,7296429079,2698,1.03158547864
first_x,7300190236,85441,88463,7300101773,3022,1.03536943622
first_x,7353019232,85749,88681,7352930551,2932,1.03419281858
first_x,7368470458,85839,88721,7368381737,2882,1.03357448246
first_x,7421083606,86145,88793,7420994813,2648,1.03073887051
first_x,7435601006,86229,88819,7435512187,2590,1.03003629869
first_x,7446693140,86294,88903,7446604237,2609,1.03023385172
first_x,7451974282,86324,89003,7451885279,2679,1.03103424308
first_x,7459887088,86370,89051,7459798037,2681,1.03104087067
first_x,7464004136,86394,89329,7463914807,2935,1.03397226659
first_x,7514742142,86687,89501,7514652641,2814,1.03246161477
first_x,7542480698,86847,89599,7542391099,2752,1.03168791092
first_x,7556586082,86928,89681,7556496401,2753,1.03166988772
first_x,7611480148,87243,90059,7611390089,2816,1.03227766125
first_x,7630870718,87354,90199,7630780519,2845,1.0325686288
first_x,7669869458,87577,90217,7669779241,2640,1.03014490106
first_x,7678150654,87625,90263,7678060391,2638,1.03010556348
first_x,7718674016,87855,90373,7718583643,2518,1.02866086165
first_x,7739584394,87974,90481,7739493913,2507,1.02849705595
first_x,7743434942,87996,90709,7743344233,2713,1.03083094686
first_x,7755374428,88064,90887,7755283541,2823,1.03205623183
first_x,7775008552,88176,91079,7774917473,2903,1.03292279078
first_x,7821751828,88440,91811,7821660017,3371,1.038116237
offset,7821751828,88440,91811,7821660017,3371,1.038116237
first_x,7935878686,89083,91943,7935786743,2860,1.03210489094
first_x,7960315508,89220,91969,7960223539,2749,1.03081147725
first_x,7976178292,89309,92051,7976086241,2742,1.03070239282
first_x,8029676842,89608,92381,8029584461,2773,1.03094589769
first_x,8056650058,89758,92567,8056557491,2809,1.03129526059
first_x,8092748518,89959,92789,8092655729,2830,1.03145877566
first_x,8114741354,90081,93187,8114648167,3106,1.03448007904
first_x,8174761642,90414,93251,8174668391,2837,1.03137788396
first_x,8214473152,90633,93281,8214379871,2648,1.02921673121
first_x,8258646406,90877,93329,8258553077,2452,1.02698152448
first_x,8263480948,90903,93407,8263387541,2504,1.02754584557
first_x,8294354146,91073,93923,8294260223,2850,1.03129357768
first_x,8325127808,91242,94111,8325033697,2869,1.03144385261
first_x,8398646824,91644,94463,8398552361,2819,1.03076033346
first_x,8447646898,91911,94529,8447552369,2618,1.02848407699
first_x,8465475712,92008,94559,8465381153,2551,1.02772584993
first_x,8487651448,92128,94847,8487556601,2719,1.02951328586
first_x,8538098446,92401,94889,8538003557,2488,1.02692611552
first_x,8550672184,92469,95087,8550577097,2618,1.02831219111
first_x,8556367538,92500,95089,8556272449,2589,1.02798918919
first_x,8588831804,92675,95143,8588736661,2468,1.02663069868
first_x,8599344772,92732,95231,8599249541,2499,1.02694862615
first_x,8614565138,92814,95479,8614469659,2665,1.02871334066
first_x,8660753506,93063,95783,8660657723,2720,1.02922751255
first_x,8679370978,93163,95957,8679275021,2794,1.02999044685
first_x,8695931158,93251,96419,8695834739,3168,1.03397282603
first_x,8792583806,93768,96703,8792487103,2935,1.03130065694
first_x,8886967402,94270,97001,8886870401,2731,1.02896997985
first_x,8906608276,94374,97283,8906510993,2909,1.03082416767
first_x,8988217388,94806,97549,8988119839,2743,1.02893276797
first_x,8993858396,94835,97687,8993760709,2852,1.03007328518
first_x,9018006128,94963,97777,9017908351,2814,1.02963259375
first_x,9021786464,94983,98101,9021688363,3118,1.03282692692
first_x,9089532412,95339,98129,9089434283,2790,1.0292639948
first_x,9117429686,95485,98143,9117331543,2658,1.02783683301
first_x,9128889746,95545,98227,9128791519,2682,1.02807054268
first_x,9146192786,95635,98407,9146094379,2772,1.02898520416
first_x,9150821522,95659,98443,9150723079,2784,1.02910337762
first_x,9164875994,95733,98731,9164777263,2998,1.03131626503
first_x,9223653574,96039,98801,9223554773,2762,1.02875914993
first_x,9252620786,96190,98869,9252521917,2679,1.02785112798
first_x,9260753954,96232,98947,9260655007,2715,1.02821306842
first_x,9265349944,96256,98981,9265250963,2725,1.02830992354
first_x,9265570214,96257,99721,9265470493,3464,1.03598699315
offset,9265570214,96257,99721,9265470493,3464,1.03598699315
first_x,9416152364,97036,99733,9416052631,2697,1.02779380848
first_x,9428524934,97100,100003,9428424931,2903,1.02989701339
first_x,9440154032,97160,100291,9440053741,3131,1.03222519555
first_x,9531452354,97629,100297,9531352057,2668,1.02732794559
first_x,9532662394,97635,100391,9532562003,2756,1.02822758232
first_x,9534125294,97642,100393,9534024901,2751,1.0281743512
first_x,9564155914,97796,100613,9564055301,2817,1.02880485909
first_x,9583978528,97897,100799,9583877729,2902,1.02964340072
first_x,9616957312,98066,100913,9616856399,2847,1.0290314686
first_x,9621415814,98088,101281,9621314533,3193,1.03255240192
first_x,9668392304,98327,101377,9668290927,3050,1.03101894698
first_x,9761048204,98798,101737,9760946467,2939,1.02974756574
first_x,9839138128,99192,101741,9839036387,2549,1.02569763691
first_x,9841129888,99202,101807,9841028081,2605,1.02625955122
first_x,9858991768,99292,101891,9858889877,2599,1.02617532127
first_x,9867239518,99333,101957,9867137561,2624,1.02641619603
first_x,9872042098,99358,102551,9871939547,3193,1.03213631514
first_x,9997348832,99986,102673,9997246159,2687,1.02687376233
